{
  "id": "2233418",
  "name": "BIM-GIS",
  "font_family": "iconfont",
  "css_prefix_text": "icon-",
  "description": "",
  "glyphs": [
    {
      "icon_id": "2510169",
      "name": "triangle-arrow-r",
      "font_class": "triangle-arrow-r",
      "unicode": "e785",
      "unicode_decimal": 59269
    },
    {
      "icon_id": "2510172",
      "name": "triangle-arrow-d",
      "font_class": "triangle-arrow-d",
      "unicode": "e786",
      "unicode_decimal": 59270
    },
    {
      "icon_id": "10265867",
      "name": "triangle",
      "font_class": "triangle",
      "unicode": "e61a",
      "unicode_decimal": 58906
    },
    {
      "icon_id": "13896043",
      "name": "plus",
      "font_class": "plus",
      "unicode": "e78d",
      "unicode_decimal": 59277
    },
    {
      "icon_id": "12331693",
      "name": "详情",
      "font_class": "xiangqing",
      "unicode": "e66b",
      "unicode_decimal": 58987
    },
    {
      "icon_id": "3020000",
      "name": "二级-路径管理",
      "font_class": "erji-lujingguanli",
      "unicode": "ea9e",
      "unicode_decimal": 60062
    },
    {
      "icon_id": "1138742",
      "name": "close",
      "font_class": "close",
      "unicode": "e644",
      "unicode_decimal": 58948
    },
    {
      "icon_id": "11219375",
      "name": "tree",
      "font_class": "tree",
      "unicode": "e607",
      "unicode_decimal": 58887
    },
    {
      "icon_id": "3750440",
      "name": "Ruler",
      "font_class": "Ruler",
      "unicode": "e634",
      "unicode_decimal": 58932
    },
    {
      "icon_id": "13253787",
      "name": "information-o",
      "font_class": "information-o",
      "unicode": "e609",
      "unicode_decimal": 58889
    },
    {
      "icon_id": "13428753",
      "name": "ios-body",
      "font_class": "ios-body",
      "unicode": "e898",
      "unicode_decimal": 59544
    },
    {
      "icon_id": "1112550",
      "name": "home",
      "font_class": "home",
      "unicode": "e612",
      "unicode_decimal": 58898
    }
  ]
}
