{
  "id": "1587399",
  "name": "MyIcon",
  "font_family": "iconfont",
  "css_prefix_text": "icon",
  "description": "",
  "glyphs": [
    {
      "icon_id": "171821",
      "name": "钟",
      "font_class": "zhong",
      "unicode": "e692",
      "unicode_decimal": 59026
    },
    {
      "icon_id": "642513",
      "name": "红心_line",
      "font_class": "hongxinline",
      "unicode": "e72e",
      "unicode_decimal": 59182
    },
    {
      "icon_id": "705689",
      "name": "锁",
      "font_class": "suo",
      "unicode": "e625",
      "unicode_decimal": 58917
    },
    {
      "icon_id": "1172347",
      "name": "icon_checkbox",
      "font_class": "iconcheckbox",
      "unicode": "e603",
      "unicode_decimal": 58883
    },
    {
      "icon_id": "1183175",
      "name": "向右",
      "font_class": "xiangyou",
      "unicode": "e683",
      "unicode_decimal": 59011
    },
    {
      "icon_id": "1198531",
      "name": "用户",
      "font_class": "yonghu",
      "unicode": "e668",
      "unicode_decimal": 58984
    },
    {
      "icon_id": "1727414",
      "name": "201checkbox-未选",
      "font_class": "checkbox-weixuan",
      "unicode": "e8b5",
      "unicode_decimal": 59573
    },
    {
      "icon_id": "1826735",
      "name": "共产党",
      "font_class": "iconfontgongchandangeps",
      "unicode": "e600",
      "unicode_decimal": 58880
    },
    {
      "icon_id": "1999044",
      "name": "钟",
      "font_class": "zhong1",
      "unicode": "e69b",
      "unicode_decimal": 59035
    },
    {
      "icon_id": "2357501",
      "name": "个人中心灰",
      "font_class": "gerenzhongxinhui",
      "unicode": "e615",
      "unicode_decimal": 58901
    },
    {
      "icon_id": "2357503",
      "name": "个人中心绿",
      "font_class": "gerenzhongxinlv",
      "unicode": "e616",
      "unicode_decimal": 58902
    },
    {
      "icon_id": "3713402",
      "name": "精选",
      "font_class": "jingxuan",
      "unicode": "e613",
      "unicode_decimal": 58899
    },
    {
      "icon_id": "5203294",
      "name": "搜索",
      "font_class": "sousuo",
      "unicode": "e633",
      "unicode_decimal": 58931
    },
    {
      "icon_id": "5327593",
      "name": "减号",
      "font_class": "jianhao",
      "unicode": "e723",
      "unicode_decimal": 59171
    },
    {
      "icon_id": "5975400",
      "name": "共产党",
      "font_class": "gongchandang",
      "unicode": "e684",
      "unicode_decimal": 59012
    },
    {
      "icon_id": "6024926",
      "name": "个人中心 我的  人物 标准头 线性",
      "font_class": "gerenzhongxinwoderenwubiaozhuntouxianxing",
      "unicode": "e61d",
      "unicode_decimal": 58909
    },
    {
      "icon_id": "6056154",
      "name": "减",
      "font_class": "jian",
      "unicode": "e66e",
      "unicode_decimal": 58990
    },
    {
      "icon_id": "6056155",
      "name": "加",
      "font_class": "jia",
      "unicode": "e66f",
      "unicode_decimal": 58991
    },
    {
      "icon_id": "6095690",
      "name": "减",
      "font_class": "jian1",
      "unicode": "e6d4",
      "unicode_decimal": 59092
    },
    {
      "icon_id": "6536706",
      "name": "减号",
      "font_class": "jianhao1",
      "unicode": "e656",
      "unicode_decimal": 58966
    },
    {
      "icon_id": "6536707",
      "name": "加号",
      "font_class": "jiahao",
      "unicode": "e657",
      "unicode_decimal": 58967
    },
    {
      "icon_id": "6536712",
      "name": "列表",
      "font_class": "liebiao",
      "unicode": "e659",
      "unicode_decimal": 58969
    },
    {
      "icon_id": "6536713",
      "name": "首页",
      "font_class": "shouye",
      "unicode": "e65a",
      "unicode_decimal": 58970
    },
    {
      "icon_id": "6536715",
      "name": "设置",
      "font_class": "shezhi",
      "unicode": "e65b",
      "unicode_decimal": 58971
    },
    {
      "icon_id": "6536718",
      "name": "提示",
      "font_class": "tishi",
      "unicode": "e65c",
      "unicode_decimal": 58972
    },
    {
      "icon_id": "6536724",
      "name": "信息",
      "font_class": "xinxi",
      "unicode": "e65e",
      "unicode_decimal": 58974
    },
    {
      "icon_id": "6536738",
      "name": "菜单",
      "font_class": "caidan",
      "unicode": "e669",
      "unicode_decimal": 58985
    },
    {
      "icon_id": "8316569",
      "name": "icon-checkbox",
      "font_class": "icon-checkbox",
      "unicode": "e606",
      "unicode_decimal": 58886
    },
    {
      "icon_id": "8361832",
      "name": "向下",
      "font_class": "xiangxia",
      "unicode": "e6cb",
      "unicode_decimal": 59083
    }
  ]
}
